<?xml version='1.0' encoding='UTF-8'?>
<!DOCTYPE beans PUBLIC '-//SPRING//DTD BEAN//EN' 'http://www.springframework.org/dtd/spring-beans.dtd'>
<!-- Stand alone deployment server -->

<beans>
     <bean id="properties" 
          class="org.springframework.beans.factory.config.PropertyPlaceholderConfigurer">
        <property name="ignoreUnresolvablePlaceholders">
            <value>true</value>
        </property>
        <property name="locations">
            <list>
                <value>classpath:deployment.properties</value>
            </list>
        </property>
        <property name="searchSystemEnvironment">
            <value>false</value>
        </property>
    </bean>
    
    <import resource="classpath*:deployment/*-context.xml" />   
    <import resource="classpath*:deployment/*-target.xml" /> 
    
</beans>