<?xml version='1.0' encoding='UTF-8'?>
<!DOCTYPE beans PUBLIC '-//SPRING//DTD BEAN//EN' 'http://www.springframework.org/dtd/spring-beans.dtd'>

<!-- Shutdown context -->
<beans>

	<bean id="properties"
		class="org.springframework.beans.factory.config.PropertyPlaceholderConfigurer">
		<property name="ignoreUnresolvablePlaceholders">
			<value>true</value>
		</property>
		<property name="locations">
			<list>
				<value>classpath:deployment.properties</value>
			</list>
		</property>
        <property name="searchSystemEnvironment">
            <value>false</value>
        </property>
	</bean>

	<bean id="shutdownBean" class="org.alfresco.deployment.ShutdownImpl"
		init-method="init">
		<property name="serviceName">
			<value>deployment</value>
		</property>
		<property name="registryPort">
			<value>${deployment.rmi.port}</value>
		</property>
		<property name="user">
			<value>${deployment.user}</value>
		</property>
		<property name="password">
			<value>${deployment.password}</value>
		</property>
	</bean>

  
      
</beans>