<?xml version='1.0' encoding='UTF-8'?>
<template-instance>
   <template-type>org/alfresco/change-password</template-type>
   <components>

      <!-- Title -->
      <component>
         <region-id>title</region-id>
         <url>/components/title/profile-title</url>
      </component>

      <!-- Toolbar -->
      <component>
         <region-id>toolbar</region-id>
         <url>/components/profile/userprofile-toolbar</url>
      </component>

      <!-- Change Password -->
      <component>
         <region-id>change-password</region-id>
         <url>/components/profile/change-password</url>
      </component>
   </components>
</template-instance>