<?xml version='1.0' encoding='UTF-8'?>
<template-instance>
   <template-type>org/alfresco/followers</template-type>
   <components>

      <!-- Title -->
      <component>
         <region-id>title</region-id>
         <url>/components/title/profile-title</url>
      </component>

      <!-- Toolbar -->
      <component>
         <region-id>toolbar</region-id>
         <url>/components/profile/userprofile-toolbar</url>
      </component>

      <!-- Followers -->
      <component>
         <region-id>followers</region-id>
         <url>/components/profile/followers</url>
      </component>

   </components>
</template-instance>