<?xml version='1.0' encoding='UTF-8'?>
<template-instance>
   <template-type>org/alfresco/site-groups</template-type>
   <description>Site Groups page</description>
   <properties>
      <pageFamily>site-members</pageFamily>
   </properties>
   <components>

      <!-- Title -->
      <component>
         <region-id>title</region-id>
         <url>/components/title/collaboration-title</url>
      </component>

      <!-- Navigation -->
      <component>
         <region-id>navigation</region-id>
         <url>/components/navigation/collaboration-navigation</url>
      </component>

      <!-- Members Bar -->
      <component>
         <region-id>membersbar</region-id>
         <url>/components/invite/members-bar</url>
      </component>

      <!-- Site Groups-->
      <component>
         <region-id>site-groups</region-id>
         <url>/components/site-groups</url>
         <properties>
            <minSearchTermLength>0</minSearchTermLength>
            <setFocus>true</setFocus>
         </properties>
      </component>

   </components>
</template-instance>