<?xml version='1.0' encoding='UTF-8'?>
<page>
   <title>Admin Console</title>
   <title-id>page.adminConsole.title</title-id>
   <description>Administration and Management Console</description>
   <description-id>page.adminConsole.description</description-id>
   <template-instance>console</template-instance>
   <authentication>admin</authentication>
   <components>

      <!-- Title -->
      <component>
         <region-id>title</region-id>
         <url>/components/title/admin-console</url>
      </component>

   </components>
</page>