<?xml version='1.0' encoding='UTF-8'?>
<page>
   <title>Tag Management</title>
   <title-id>page.manageTags.title</title-id>
   <description>Create new or Edit existing Tags</description>
   <description-id>page.manageTags.description</description-id>
   <template-instance>tag-management</template-instance>
   <authentication>admin</authentication>
   <components>
      <component>
         <region-id>title</region-id>
         <url>/components/title/admin-console</url>
      </component>
   </components>
</page>